,Supplier_Lead_Time,Inventory_Levels,Order_Frequency,Delivery_Performance,Cost_Per_Unit
Supplier_Lead_Time,1.0,0.5453489335267903,-0.8862611440389911,-0.8950927847064101,0.9470344023870194
Inventory_Levels,0.5453489335267903,1.0,-0.5110018499829263,-0.5764196691784448,0.5765742453413607
Order_Frequency,-0.8862611440389911,-0.5110018499829263,1.0,0.7799080524667865,-0.8458945070242885
Delivery_Performance,-0.8950927847064101,-0.5764196691784448,0.7799080524667865,1.0,-0.9040028417313425
Cost_Per_Unit,0.9470344023870194,0.5765742453413607,-0.8458945070242885,-0.9040028417313425,1.0
